,feature,Percent Outliers
0,feat_0,0.024316666666666667
1,feat_1,0.023966666666666667
2,feat_2,0.024733333333333333
3,feat_3,0.02493333333333333
