,feature,Mean,Standard Dev.
cleaned_feat_0,feat_0,0.03309281123917512,12.887643773070451
cleaned_feat_1,feat_1,0.002540185236956565,3.4098067510234538
cleaned_feat_2,feat_2,0.01042473799938614,8.988969733509236
cleaned_feat_3,feat_3,-0.027227256718329308,10.048292464395326
